<?xml version="1.0"?>
<doc>
    <assembly>
        <name>MediaPlayer.WPF</name>
    </assembly>
    <members>
        <member name="T:MediaPlayer.WPF.App">
            <inheritdoc cref="T:MvvmCross.Platforms.Wpf.Views.MvxApplication" path='/summary'/>
            <summary>
            App
            </summary>
        </member>
        <member name="M:MediaPlayer.WPF.App.RegisterSetup">
            <inheritdoc cref="M:MvvmCross.Platforms.Wpf.Views.MvxApplication.RegisterSetup" path='/summary'/>
        </member>
        <member name="M:MediaPlayer.WPF.App.InitializeComponent">
            <summary>
            InitializeComponent
            </summary>
        </member>
        <member name="M:MediaPlayer.WPF.App.Main">
            <summary>
            Application Entry Point.
            </summary>
        </member>
        <member name="T:MediaPlayer.WPF.Classes.CustomGrid">
            <summary>
            Custom version of the <see cref="T:System.Windows.Controls.Grid"/> that features the ability to control its <see cref="T:System.Windows.Visibility"/> via data binding.
            </summary>
        </member>
        <member name="F:MediaPlayer.WPF.Classes.CustomGrid.IsShowingProperty">
            <summary>
            Dependency property for the boolean value showing whether or not the <see cref="T:MediaPlayer.WPF.Classes.CustomGrid"/> is currently visible.
            </summary>
        </member>
        <member name="P:MediaPlayer.WPF.Classes.CustomGrid.IsShowing">
            <summary>
            Gets or sets a value indicating whether the <see cref="T:MediaPlayer.WPF.Classes.CustomGrid"/> is currently visible.
            </summary>
        </member>
        <member name="T:MediaPlayer.WPF.Classes.MediaController">
            <inheritdoc cref="T:MediaPlayer.Core.Interfaces.IMediaController" path='/summary'/>
        </member>
        <member name="M:MediaPlayer.WPF.Classes.MediaController.#ctor(MvvmCross.Commands.IMvxCommand)">
            <summary>
            Initializes a new instance of the <see cref="T:MediaPlayer.WPF.Classes.MediaController"/> class.
            </summary>
            <param name="mediaEndedCommand"><inheritdoc cref="P:MediaPlayer.Core.Interfaces.IMediaController.MediaEndedCommand" path='/summary'/></param>
        </member>
        <member name="P:MediaPlayer.WPF.Classes.MediaController.HasAudio">
            <inheritdoc cref="P:MediaPlayer.Core.Interfaces.IMediaController.HasAudio" path='/summary'/>
        </member>
        <member name="P:MediaPlayer.WPF.Classes.MediaController.HasVideo">
            <inheritdoc cref="P:MediaPlayer.Core.Interfaces.IMediaController.HasVideo" path='/summary'/>
        </member>
        <member name="P:MediaPlayer.WPF.Classes.MediaController.SpeedRatio">
            <inheritdoc cref="P:MediaPlayer.Core.Interfaces.IMediaController.SpeedRatio" path='/summary'/>
        </member>
        <member name="P:MediaPlayer.WPF.Classes.MediaController.Volume">
            <inheritdoc cref="P:MediaPlayer.Core.Interfaces.IMediaController.Volume" path='/summary'/>
        </member>
        <member name="P:MediaPlayer.WPF.Classes.MediaController.HasTimeSpan">
            <inheritdoc cref="P:MediaPlayer.Core.Interfaces.IMediaController.HasTimeSpan" path='/summary'/>
        </member>
        <member name="P:MediaPlayer.WPF.Classes.MediaController.Position">
            <inheritdoc cref="P:MediaPlayer.Core.Interfaces.IMediaController.Position" path='/summary'/>
        </member>
        <member name="P:MediaPlayer.WPF.Classes.MediaController.Source">
            <inheritdoc cref="P:MediaPlayer.Core.Interfaces.IMediaController.Source" path='/summary'/>
        </member>
        <member name="P:MediaPlayer.WPF.Classes.MediaController.MediaEndedCommand">
            <inheritdoc cref="P:MediaPlayer.Core.Interfaces.IMediaController.MediaEndedCommand" path='/summary'/>
        </member>
        <member name="M:MediaPlayer.WPF.Classes.MediaController.Close">
            <inheritdoc cref="M:MediaPlayer.Core.Interfaces.IMediaController.Close" path='/summary'/>
        </member>
        <member name="M:MediaPlayer.WPF.Classes.MediaController.Pause">
            <inheritdoc cref="M:MediaPlayer.Core.Interfaces.IMediaController.Pause" path='/summary'/>
        </member>
        <member name="M:MediaPlayer.WPF.Classes.MediaController.Play">
            <inheritdoc cref="M:MediaPlayer.Core.Interfaces.IMediaController.Play" path='/summary'/>
        </member>
        <member name="M:MediaPlayer.WPF.Classes.MediaController.Stop">
            <inheritdoc cref="M:MediaPlayer.Core.Interfaces.IMediaController.Stop" path='/summary'/>
        </member>
        <member name="T:MediaPlayer.WPF.Classes.MediaControllerFactory">
            <inheritdoc cref="T:MediaPlayer.Core.Interfaces.IMediaControllerFactory" path='/summary'/>
        </member>
        <member name="M:MediaPlayer.WPF.Classes.MediaControllerFactory.CreateMediaController(MvvmCross.Commands.IMvxCommand)">
            <inheritdoc cref="M:MediaPlayer.Core.Interfaces.IMediaControllerFactory.CreateMediaController(MvvmCross.Commands.IMvxCommand)" path='/summary'/>
        </member>
        <member name="T:MediaPlayer.WPF.Classes.SliderExtension">
            <summary>
            Extension for the WPF <see cref="T:System.Windows.Controls.Slider"/> control to add events for when the user starts and stops dragging the thumb.
            </summary>
        </member>
        <member name="F:MediaPlayer.WPF.Classes.SliderExtension.DragStartedCommandProperty">
            <summary>
            Dependency property for the Drag Started event command.
            </summary>
        </member>
        <member name="F:MediaPlayer.WPF.Classes.SliderExtension.DragCompletedCommandProperty">
            <summary>
            Dependency property for the Drag Completed event command.
            </summary>
        </member>
        <member name="M:MediaPlayer.WPF.Classes.SliderExtension.GetDragStartedCommand(System.Windows.DependencyObject)">
            <summary>
            Gets the Drag Started event command.
            </summary>
            <param name="element"><inheritdoc cref="T:System.Windows.DependencyObject" path='/summary'/></param>
            <returns><inheritdoc cref="T:MvvmCross.Commands.IMvxCommand" path='/summary'/></returns>
        </member>
        <member name="M:MediaPlayer.WPF.Classes.SliderExtension.SetDragStartedCommand(System.Windows.DependencyObject,MvvmCross.Commands.IMvxCommand)">
            <summary>
            Sets the Drag Started event command.
            </summary>
            <param name="element"><inheritdoc cref="T:System.Windows.DependencyObject" path='/summary'/></param>
            <param name="value"><inheritdoc cref="T:MvvmCross.Commands.IMvxCommand" path='/summary'/></param>
        </member>
        <member name="M:MediaPlayer.WPF.Classes.SliderExtension.GetDragCompletedCommand(System.Windows.DependencyObject)">
            <summary>
            Gets the Drag Completed event command.
            </summary>
            <param name="element"><inheritdoc cref="T:System.Windows.DependencyObject" path='/summary'/></param>
            <returns><inheritdoc cref="T:MvvmCross.Commands.IMvxCommand" path='/summary'/></returns>
        </member>
        <member name="M:MediaPlayer.WPF.Classes.SliderExtension.SetDragCompletedCommand(System.Windows.DependencyObject,MvvmCross.Commands.IMvxCommand)">
            <summary>
            Sets the Drag Completed event command.
            </summary>
            <param name="element"><inheritdoc cref="T:System.Windows.DependencyObject" path='/summary'/></param>
            <param name="value"><inheritdoc cref="T:MvvmCross.Commands.IMvxCommand" path='/summary'/></param>
        </member>
        <member name="T:MediaPlayer.WPF.Classes.Timer">
            <inheritdoc cref="T:MediaPlayer.Core.Interfaces.ITimer" path='/summary'/>
        </member>
        <member name="M:MediaPlayer.WPF.Classes.Timer.#ctor">
            <summary>
            Initializes a new instance of the <see cref="T:MediaPlayer.WPF.Classes.Timer"/> class.
            </summary>
        </member>
        <member name="E:MediaPlayer.WPF.Classes.Timer.Tick">
            <inheritdoc cref="E:MediaPlayer.Core.Interfaces.ITimer.Tick" path='/summary'/>
        </member>
        <member name="P:MediaPlayer.WPF.Classes.Timer.IsEnabled">
            <inheritdoc cref="P:MediaPlayer.Core.Interfaces.ITimer.IsEnabled" path='/summary'/>
        </member>
        <member name="P:MediaPlayer.WPF.Classes.Timer.Interval">
            <inheritdoc cref="P:MediaPlayer.Core.Interfaces.ITimer.Interval" path='/summary'/>
        </member>
        <member name="M:MediaPlayer.WPF.Classes.Timer.Start">
            <inheritdoc cref="M:MediaPlayer.Core.Interfaces.ITimer.Start" path='/summary'/>
        </member>
        <member name="M:MediaPlayer.WPF.Classes.Timer.Stop">
            <inheritdoc cref="M:MediaPlayer.Core.Interfaces.ITimer.Stop" path='/summary'/>
        </member>
        <member name="T:MediaPlayer.WPF.Classes.TimerFactory">
            <inheritdoc cref="T:MediaPlayer.Core.Interfaces.ITimerFactory" path='/summary'/>
        </member>
        <member name="M:MediaPlayer.WPF.Classes.TimerFactory.CreateTimer">
            <inheritdoc cref="M:MediaPlayer.Core.Interfaces.ITimerFactory.CreateTimer" path='/summary'/>
        </member>
        <member name="T:MediaPlayer.WPF.Setup">
            <inheritdoc cref="T:MvvmCross.Platforms.Wpf.Core.MvxWpfSetup" path='/summary'/>
        </member>
        <member name="M:MediaPlayer.WPF.Setup.CreateLogProvider">
            <summary>
            Creates the log provider.
            </summary>
            <returns><inheritdoc cref="T:Serilog.Extensions.Logging.SerilogLoggerProvider" path='/summary'/></returns>
        </member>
        <member name="M:MediaPlayer.WPF.Setup.CreateLogFactory">
            <summary>
            Creates the log factory.
            </summary>
            <returns><inheritdoc cref="T:Serilog.Extensions.Logging.SerilogLoggerFactory" path='/summary'/></returns>
        </member>
        <member name="M:MediaPlayer.WPF.Setup.InitializeFirstChance(MvvmCross.IoC.IMvxIoCProvider)">
            <summary>
            Sets the associations between <see cref="T:MediaPlayer.Core.Interfaces.ITimerFactory"/> and <see cref="T:MediaPlayer.WPF.Classes.TimerFactory"/> and <see cref="T:MediaPlayer.Core.Interfaces.IMediaControllerFactory"/> and <see cref="T:MediaPlayer.WPF.Classes.MediaControllerFactory"/> for Inversion of Control.
            </summary>
            <param name="iocProvider"><inheritdoc cref="P:MvvmCross.Mvx.IoCProvider" path='/summary'/></param>
        </member>
        <member name="T:MediaPlayer.WPF.Views.MediaLibraryView">
            <summary>
            Interaction logic for MediaPlayerView.xaml
            </summary>
            <summary>
            MediaLibraryView
            </summary>
        </member>
        <member name="M:MediaPlayer.WPF.Views.MediaLibraryView.#ctor">
            <summary>
            Initializes a new instance of the <see cref="T:MediaPlayer.WPF.Views.MediaLibraryView"/> class.
            </summary>
        </member>
        <member name="M:MediaPlayer.WPF.Views.MediaLibraryView.InitializeComponent">
            <summary>
            InitializeComponent
            </summary>
        </member>
        <member name="T:MediaPlayer.WPF.Windows.MainWindow">
            <summary>
            Interaction logic for MainWindow.xaml
            </summary>
            <summary>
            MainWindow
            </summary>
        </member>
        <member name="M:MediaPlayer.WPF.Windows.MainWindow.#ctor">
            <summary>
            Initializes a new instance of the <see cref="T:MediaPlayer.WPF.Windows.MainWindow"/> class.
            </summary>
        </member>
        <member name="M:MediaPlayer.WPF.Windows.MainWindow.InitializeComponent">
            <summary>
            InitializeComponent
            </summary>
        </member>
    </members>
</doc>
