<?xml version="1.0"?>
<doc>
    <assembly>
        <name>MediaPlayer.Core</name>
    </assembly>
    <members>
        <member name="T:MediaPlayer.Core.Application">
            <summary>
            Class describing an implementatino of the <see cref="T:MvvmCross.ViewModels.MvxApplication"/> interface.
            </summary>
        </member>
        <member name="M:MediaPlayer.Core.Application.Initialize">
            <inheritdoc cref="M:MvvmCross.ViewModels.MvxApplication.Initialize" path='/summary'/>
        </member>
        <member name="T:MediaPlayer.Core.Classes.Extensions">
            <summary>
            Class containing all extension methods for this project.
            </summary>
        </member>
        <member name="M:MediaPlayer.Core.Classes.Extensions.GetFiles(Windows.Storage.StorageFolder)">
            <summary>
            <see cref="T:Windows.Storage.StorageFolder"/> extension method creating a synchronous version of <see cref="M:Windows.Storage.StorageFolder.GetFilesAsync(Windows.Storage.Search.CommonFileQuery)"/>.
            </summary>
            <param name="folder"><see cref="T:Windows.Storage.StorageFolder"/> instance being extended, doesn't need passing as an argument.</param>
            <returns>a <see cref="T:System.Collections.Generic.IReadOnlyList`1"/> of all the files contained within the given <see cref="T:Windows.Storage.StorageFolder"/>.</returns>
        </member>
        <member name="M:MediaPlayer.Core.Classes.Extensions.GetBasicProperties(Windows.Storage.StorageFile)">
            <summary>
            <see cref="T:Windows.Storage.StorageFile"/> extension method creating a synchronous version of <see cref="M:Windows.Storage.StorageFile.GetBasicPropertiesAsync"/>.
            </summary>
            <param name="file"><see cref="T:Windows.Storage.StorageFile"/> instance being extended, doesn't need passing as an argument.</param>
            <returns>a <see cref="T:Windows.Storage.FileProperties.BasicProperties"/> <see cref="T:System.Object"/> containing the basic properties of the file.</returns>
        </member>
        <member name="M:MediaPlayer.Core.Classes.Extensions.RetrieveProperty(Windows.Storage.FileProperties.StorageItemContentProperties,System.String)">
            <summary>
            <see cref="T:Windows.Storage.FileProperties.StorageItemContentProperties"/> extension method creating a synchronous version of <see cref="M:Windows.Storage.FileProperties.StorageItemContentProperties.RetrievePropertiesAsync(System.Collections.Generic.IEnumerable{System.String})"/>.
            </summary>
            <param name="properties"><inheritdoc cref="T:Windows.Storage.FileProperties.StorageItemContentProperties" path='/summary'/></param>
            <param name="propertyToRetrieve"><see cref="T:Windows.Storage.FileProperties.StorageItemContentProperties"/> instance being extended, doesn't need passing as an argument.</param>
            <returns>an <see cref="T:System.Object"/> containing the given properties of the file.</returns>
        </member>
        <member name="M:MediaPlayer.Core.Classes.Extensions.GetMusicProperties(Windows.Storage.FileProperties.StorageItemContentProperties)">
            <summary>
            <see cref="T:Windows.Storage.FileProperties.StorageItemContentProperties"/> extension method creating a synchronous version of <see cref="M:Windows.Storage.FileProperties.StorageItemContentProperties.GetMusicPropertiesAsync"/>.
            </summary>
            <param name="properties"><see cref="T:Windows.Storage.FileProperties.StorageItemContentProperties"/> instance being extended, doesn't need passing as an argument.</param>
            <returns>a <see cref="T:Windows.Storage.FileProperties.MusicProperties"/> <see cref="T:System.Object"/> containing the music properties of the file.</returns>
        </member>
        <member name="M:MediaPlayer.Core.Classes.Extensions.ToObservableCollection``1(System.Collections.Generic.IEnumerable{``0})">
            <summary>
            Method for converting an <see cref="T:System.Collections.Generic.IEnumerable`1"/> to an <see cref="T:System.Collections.ObjectModel.ObservableCollection`1"/>.
            </summary>
            <typeparam name="T">.</typeparam>
            <param name="input"><inheritdoc cref="T:System.Collections.Generic.IEnumerable`1" path='/summary'/></param>
            <returns>new <see cref="T:System.Collections.ObjectModel.ObservableCollection`1"/> of the inputted <see cref="T:System.Collections.Generic.IEnumerable`1"/>.</returns>
        </member>
        <member name="T:MediaPlayer.Core.Data.MediaDBContext">
            <summary>
            Class describing the media database.
            </summary>
        </member>
        <member name="P:MediaPlayer.Core.Data.MediaDBContext.Tracks">
            <summary>
            Gets or sets the tracks table.
            </summary>
        </member>
        <member name="P:MediaPlayer.Core.Data.MediaDBContext.Discs">
            <summary>
            Gets or sets the discs table.
            </summary>
        </member>
        <member name="P:MediaPlayer.Core.Data.MediaDBContext.Albums">
            <summary>
            Gets or sets the albums table.
            </summary>
        </member>
        <member name="P:MediaPlayer.Core.Data.MediaDBContext.Artists">
            <summary>
            Gets or sets the artists table.
            </summary>
        </member>
        <member name="P:MediaPlayer.Core.Data.MediaDBContext.Contributions">
            <summary>
            Gets or sets the contributions table.
            </summary>
        </member>
        <member name="P:MediaPlayer.Core.Data.MediaDBContext.Genres">
            <summary>
            Gets or sets the genres table.
            </summary>
        </member>
        <member name="P:MediaPlayer.Core.Data.MediaDBContext.SongStyles">
            <summary>
            Gets or sets the song styles table.
            </summary>
        </member>
        <member name="P:MediaPlayer.Core.Data.MediaDBContext.Playlists">
            <summary>
            Gets or sets the playlists table.
            </summary>
        </member>
        <member name="P:MediaPlayer.Core.Data.MediaDBContext.Listings">
            <summary>
            Gets or sets the lsitings table.
            </summary>
        </member>
        <member name="M:MediaPlayer.Core.Data.MediaDBContext.OnConfiguring(Microsoft.EntityFrameworkCore.DbContextOptionsBuilder)">
            <inheritdoc cref="M:Microsoft.EntityFrameworkCore.DbContext.OnConfiguring(Microsoft.EntityFrameworkCore.DbContextOptionsBuilder)" path='/summary'/>
        </member>
        <member name="T:MediaPlayer.Core.Interfaces.IMediaController">
            <summary>
            Interface describing the necessary functionality of a media player, to enable use of the platform specific version in the ViewModel.
            </summary>
        </member>
        <member name="P:MediaPlayer.Core.Interfaces.IMediaController.HasAudio">
            <summary>
            Gets a value indicating whether this media controller contains audio.
            </summary>
        </member>
        <member name="P:MediaPlayer.Core.Interfaces.IMediaController.HasVideo">
            <summary>
            Gets a value indicating whether this media controller contains video.
            </summary>
        </member>
        <member name="P:MediaPlayer.Core.Interfaces.IMediaController.SpeedRatio">
            <summary>
            Gets or sets the speed of playback of this media controller.
            </summary>
        </member>
        <member name="P:MediaPlayer.Core.Interfaces.IMediaController.Volume">
            <summary>
            Gets or sets the volume of this media controller.
            </summary>
        </member>
        <member name="P:MediaPlayer.Core.Interfaces.IMediaController.HasTimeSpan">
            <summary>
            Gets a value indicating whether this media controller has loaded content with a <see cref="T:System.TimeSpan"/> - ie whether there is anything currently loaded.
            </summary>
        </member>
        <member name="P:MediaPlayer.Core.Interfaces.IMediaController.Position">
            <summary>
            Gets or sets the current position in the song currently beign played by this media controller.
            </summary>
        </member>
        <member name="P:MediaPlayer.Core.Interfaces.IMediaController.Source">
            <summary>
            Gets or sets the source of the media to load and play in this media controller.
            </summary>
        </member>
        <member name="P:MediaPlayer.Core.Interfaces.IMediaController.MediaEndedCommand">
            <summary>
            Gets or sets the command to fire when the song ends.
            </summary>
        </member>
        <member name="M:MediaPlayer.Core.Interfaces.IMediaController.Close">
            <summary>
            Function to empty the source of this media controller.
            </summary>
        </member>
        <member name="M:MediaPlayer.Core.Interfaces.IMediaController.Pause">
            <summary>
            Function to pause the song currently playing in this media controller.
            </summary>
        </member>
        <member name="M:MediaPlayer.Core.Interfaces.IMediaController.Play">
            <summary>
            Function to play the song currently loaded into this media controller.
            </summary>
        </member>
        <member name="M:MediaPlayer.Core.Interfaces.IMediaController.Stop">
            <summary>
            Function to stop the song currently playing in this media controller.
            </summary>
        </member>
        <member name="T:MediaPlayer.Core.Interfaces.IMediaControllerFactory">
            <summary>
            Interface describing a class to enable the creation of multiple <see cref="T:MediaPlayer.Core.Interfaces.IMediaController">IMediaControllers</see>.
            </summary>
        </member>
        <member name="M:MediaPlayer.Core.Interfaces.IMediaControllerFactory.CreateMediaController(MvvmCross.Commands.IMvxCommand)">
            <summary>
            function to create a new instance of a class implementing the <see cref="T:MediaPlayer.Core.Interfaces.IMediaController"/> inteface.
            </summary>
            <param name="mediaEndedCommand"><inheritdoc cref="P:MediaPlayer.Core.Interfaces.IMediaController.MediaEndedCommand" path='/summary'/></param>
            <returns>A new instance of a class implementing the <see cref="T:MediaPlayer.Core.Interfaces.IMediaController"/> interface.</returns>
        </member>
        <member name="T:MediaPlayer.Core.Interfaces.ITimer">
            <summary>
            Interface describing the necessary functionality of a background timer, to enable use of the platform specific version in the ViewModel.
            </summary>
        </member>
        <member name="E:MediaPlayer.Core.Interfaces.ITimer.Tick">
            <summary>
            event that fires whenever the timer ticks.
            </summary>
        </member>
        <member name="P:MediaPlayer.Core.Interfaces.ITimer.Interval">
            <summary>
            Gets or sets the interval between ticks.
            </summary>
        </member>
        <member name="P:MediaPlayer.Core.Interfaces.ITimer.IsEnabled">
            <summary>
            Gets or sets a value indicating whether the timer is currnetly enabled.
            </summary>
        </member>
        <member name="M:MediaPlayer.Core.Interfaces.ITimer.Start">
            <summary>
            Function to start the timer.
            </summary>
        </member>
        <member name="M:MediaPlayer.Core.Interfaces.ITimer.Stop">
            <summary>
            Function to start the timer.
            </summary>
        </member>
        <member name="T:MediaPlayer.Core.Interfaces.ITimerFactory">
            <summary>
            Interface describing a class to enable the creation of multiple <see cref="T:MediaPlayer.Core.Interfaces.ITimer">ITimers</see>.
            </summary>
        </member>
        <member name="M:MediaPlayer.Core.Interfaces.ITimerFactory.CreateTimer">
            <summary>
            function to create a new instance of a class implementing the <see cref="T:MediaPlayer.Core.Interfaces.ITimer"/> inteface.
            </summary>
            <returns>A new instance of a class implementing the <see cref="T:MediaPlayer.Core.Interfaces.ITimer"/> interface.</returns>
        </member>
        <member name="T:MediaPlayer.Core.Migrations.InitialCreate">
            <inheritdoc />
        </member>
        <member name="M:MediaPlayer.Core.Migrations.InitialCreate.Up(Microsoft.EntityFrameworkCore.Migrations.MigrationBuilder)">
            <inheritdoc />
        </member>
        <member name="M:MediaPlayer.Core.Migrations.InitialCreate.Down(Microsoft.EntityFrameworkCore.Migrations.MigrationBuilder)">
            <inheritdoc />
        </member>
        <member name="M:MediaPlayer.Core.Migrations.InitialCreate.BuildTargetModel(Microsoft.EntityFrameworkCore.ModelBuilder)">
            <inheritdoc />
        </member>
        <member name="T:MediaPlayer.Core.Migrations.AddedMultiDiscCheck">
            <inheritdoc />
        </member>
        <member name="M:MediaPlayer.Core.Migrations.AddedMultiDiscCheck.Up(Microsoft.EntityFrameworkCore.Migrations.MigrationBuilder)">
            <inheritdoc />
        </member>
        <member name="M:MediaPlayer.Core.Migrations.AddedMultiDiscCheck.Down(Microsoft.EntityFrameworkCore.Migrations.MigrationBuilder)">
            <inheritdoc />
        </member>
        <member name="M:MediaPlayer.Core.Migrations.AddedMultiDiscCheck.BuildTargetModel(Microsoft.EntityFrameworkCore.ModelBuilder)">
            <inheritdoc />
        </member>
        <member name="T:MediaPlayer.Core.Migrations.RenamedTrackGenresToSongStyles">
            <inheritdoc />
        </member>
        <member name="M:MediaPlayer.Core.Migrations.RenamedTrackGenresToSongStyles.Up(Microsoft.EntityFrameworkCore.Migrations.MigrationBuilder)">
            <inheritdoc />
        </member>
        <member name="M:MediaPlayer.Core.Migrations.RenamedTrackGenresToSongStyles.Down(Microsoft.EntityFrameworkCore.Migrations.MigrationBuilder)">
            <inheritdoc />
        </member>
        <member name="M:MediaPlayer.Core.Migrations.RenamedTrackGenresToSongStyles.BuildTargetModel(Microsoft.EntityFrameworkCore.ModelBuilder)">
            <inheritdoc />
        </member>
        <member name="T:MediaPlayer.Core.Migrations.FixedArtistAlbumsField">
            <inheritdoc />
        </member>
        <member name="M:MediaPlayer.Core.Migrations.FixedArtistAlbumsField.Up(Microsoft.EntityFrameworkCore.Migrations.MigrationBuilder)">
            <inheritdoc />
        </member>
        <member name="M:MediaPlayer.Core.Migrations.FixedArtistAlbumsField.Down(Microsoft.EntityFrameworkCore.Migrations.MigrationBuilder)">
            <inheritdoc />
        </member>
        <member name="M:MediaPlayer.Core.Migrations.FixedArtistAlbumsField.BuildTargetModel(Microsoft.EntityFrameworkCore.ModelBuilder)">
            <inheritdoc />
        </member>
        <member name="T:MediaPlayer.Core.Migrations.FixedSongStylesTable">
            <inheritdoc />
        </member>
        <member name="M:MediaPlayer.Core.Migrations.FixedSongStylesTable.Up(Microsoft.EntityFrameworkCore.Migrations.MigrationBuilder)">
            <inheritdoc />
        </member>
        <member name="M:MediaPlayer.Core.Migrations.FixedSongStylesTable.Down(Microsoft.EntityFrameworkCore.Migrations.MigrationBuilder)">
            <inheritdoc />
        </member>
        <member name="M:MediaPlayer.Core.Migrations.FixedSongStylesTable.BuildTargetModel(Microsoft.EntityFrameworkCore.ModelBuilder)">
            <inheritdoc />
        </member>
        <member name="T:MediaPlayer.Core.Migrations.FixedContextNulls">
            <inheritdoc />
        </member>
        <member name="M:MediaPlayer.Core.Migrations.FixedContextNulls.Up(Microsoft.EntityFrameworkCore.Migrations.MigrationBuilder)">
            <inheritdoc />
        </member>
        <member name="M:MediaPlayer.Core.Migrations.FixedContextNulls.Down(Microsoft.EntityFrameworkCore.Migrations.MigrationBuilder)">
            <inheritdoc />
        </member>
        <member name="M:MediaPlayer.Core.Migrations.FixedContextNulls.BuildTargetModel(Microsoft.EntityFrameworkCore.ModelBuilder)">
            <inheritdoc />
        </member>
        <member name="T:MediaPlayer.Core.Migrations.RenamedModels">
            <inheritdoc />
        </member>
        <member name="M:MediaPlayer.Core.Migrations.RenamedModels.Up(Microsoft.EntityFrameworkCore.Migrations.MigrationBuilder)">
            <inheritdoc />
        </member>
        <member name="M:MediaPlayer.Core.Migrations.RenamedModels.Down(Microsoft.EntityFrameworkCore.Migrations.MigrationBuilder)">
            <inheritdoc />
        </member>
        <member name="M:MediaPlayer.Core.Migrations.RenamedModels.BuildTargetModel(Microsoft.EntityFrameworkCore.ModelBuilder)">
            <inheritdoc />
        </member>
        <member name="T:MediaPlayer.Core.Migrations.AddedNavigationFields">
            <inheritdoc />
        </member>
        <member name="M:MediaPlayer.Core.Migrations.AddedNavigationFields.Up(Microsoft.EntityFrameworkCore.Migrations.MigrationBuilder)">
            <inheritdoc />
        </member>
        <member name="M:MediaPlayer.Core.Migrations.AddedNavigationFields.Down(Microsoft.EntityFrameworkCore.Migrations.MigrationBuilder)">
            <inheritdoc />
        </member>
        <member name="M:MediaPlayer.Core.Migrations.AddedNavigationFields.BuildTargetModel(Microsoft.EntityFrameworkCore.ModelBuilder)">
            <inheritdoc />
        </member>
        <member name="T:MediaPlayer.Core.Migrations.AddedBackingFields">
            <inheritdoc />
        </member>
        <member name="M:MediaPlayer.Core.Migrations.AddedBackingFields.Up(Microsoft.EntityFrameworkCore.Migrations.MigrationBuilder)">
            <inheritdoc />
        </member>
        <member name="M:MediaPlayer.Core.Migrations.AddedBackingFields.Down(Microsoft.EntityFrameworkCore.Migrations.MigrationBuilder)">
            <inheritdoc />
        </member>
        <member name="M:MediaPlayer.Core.Migrations.AddedBackingFields.BuildTargetModel(Microsoft.EntityFrameworkCore.ModelBuilder)">
            <inheritdoc />
        </member>
        <member name="T:MediaPlayer.Core.Migrations.RenamedFieldLengthDuration">
            <inheritdoc />
        </member>
        <member name="M:MediaPlayer.Core.Migrations.RenamedFieldLengthDuration.Up(Microsoft.EntityFrameworkCore.Migrations.MigrationBuilder)">
            <inheritdoc />
        </member>
        <member name="M:MediaPlayer.Core.Migrations.RenamedFieldLengthDuration.Down(Microsoft.EntityFrameworkCore.Migrations.MigrationBuilder)">
            <inheritdoc />
        </member>
        <member name="M:MediaPlayer.Core.Migrations.RenamedFieldLengthDuration.BuildTargetModel(Microsoft.EntityFrameworkCore.ModelBuilder)">
            <inheritdoc />
        </member>
        <member name="T:MediaPlayer.Core.Migrations.RenamedPropertyLengthDuration">
            <inheritdoc />
        </member>
        <member name="M:MediaPlayer.Core.Migrations.RenamedPropertyLengthDuration.Up(Microsoft.EntityFrameworkCore.Migrations.MigrationBuilder)">
            <inheritdoc />
        </member>
        <member name="M:MediaPlayer.Core.Migrations.RenamedPropertyLengthDuration.Down(Microsoft.EntityFrameworkCore.Migrations.MigrationBuilder)">
            <inheritdoc />
        </member>
        <member name="M:MediaPlayer.Core.Migrations.RenamedPropertyLengthDuration.BuildTargetModel(Microsoft.EntityFrameworkCore.ModelBuilder)">
            <inheritdoc />
        </member>
        <member name="T:MediaPlayer.Core.Migrations.RenamedTrackGenreIDToSongStyleID">
            <inheritdoc />
        </member>
        <member name="M:MediaPlayer.Core.Migrations.RenamedTrackGenreIDToSongStyleID.Up(Microsoft.EntityFrameworkCore.Migrations.MigrationBuilder)">
            <inheritdoc />
        </member>
        <member name="M:MediaPlayer.Core.Migrations.RenamedTrackGenreIDToSongStyleID.Down(Microsoft.EntityFrameworkCore.Migrations.MigrationBuilder)">
            <inheritdoc />
        </member>
        <member name="M:MediaPlayer.Core.Migrations.RenamedTrackGenreIDToSongStyleID.BuildTargetModel(Microsoft.EntityFrameworkCore.ModelBuilder)">
            <inheritdoc />
        </member>
        <member name="T:MediaPlayer.Core.Migrations.AddedCreateListingCommand">
            <inheritdoc />
        </member>
        <member name="M:MediaPlayer.Core.Migrations.AddedCreateListingCommand.Up(Microsoft.EntityFrameworkCore.Migrations.MigrationBuilder)">
            <inheritdoc />
        </member>
        <member name="M:MediaPlayer.Core.Migrations.AddedCreateListingCommand.Down(Microsoft.EntityFrameworkCore.Migrations.MigrationBuilder)">
            <inheritdoc />
        </member>
        <member name="M:MediaPlayer.Core.Migrations.AddedCreateListingCommand.BuildTargetModel(Microsoft.EntityFrameworkCore.ModelBuilder)">
            <inheritdoc />
        </member>
        <member name="T:MediaPlayer.Core.Migrations.AddedCreateListingAction">
            <inheritdoc />
        </member>
        <member name="M:MediaPlayer.Core.Migrations.AddedCreateListingAction.Up(Microsoft.EntityFrameworkCore.Migrations.MigrationBuilder)">
            <inheritdoc />
        </member>
        <member name="M:MediaPlayer.Core.Migrations.AddedCreateListingAction.Down(Microsoft.EntityFrameworkCore.Migrations.MigrationBuilder)">
            <inheritdoc />
        </member>
        <member name="M:MediaPlayer.Core.Migrations.AddedCreateListingAction.BuildTargetModel(Microsoft.EntityFrameworkCore.ModelBuilder)">
            <inheritdoc />
        </member>
        <member name="T:MediaPlayer.Core.Models.AlbumModel">
            <summary>
            Model describing a music album.
            </summary>
        </member>
        <member name="P:MediaPlayer.Core.Models.AlbumModel.AlbumID">
            <summary>
            Gets or sets the unique ID of this album.
            </summary>
        </member>
        <member name="P:MediaPlayer.Core.Models.AlbumModel.ArtistID">
            <summary>
            Gets or sets the unique ID of the <see cref="T:MediaPlayer.Core.Models.ArtistModel"/> who made this album.
            </summary>
        </member>
        <member name="P:MediaPlayer.Core.Models.AlbumModel.ReleaseYear">
            <summary>
            Gets or sets year this album released.
            </summary>
        </member>
        <member name="P:MediaPlayer.Core.Models.AlbumModel.AlbumName">
            <summary>
            Gets or sets name of this album.
            </summary>
        </member>
        <member name="P:MediaPlayer.Core.Models.AlbumModel.Description">
            <summary>
            Gets or sets this album's description.
            </summary>
        </member>
        <member name="P:MediaPlayer.Core.Models.AlbumModel.Artist">
            <summary>
            Gets or sets the <see cref="T:MediaPlayer.Core.Models.ArtistModel"/> who made this album.
            </summary>
        </member>
        <member name="P:MediaPlayer.Core.Models.AlbumModel.Discs">
            <summary>
            Gets an <see cref="T:System.Collections.ObjectModel.ObservableCollection`1"/> of the discs in this album.
            </summary>
        </member>
        <member name="P:MediaPlayer.Core.Models.AlbumModel.IsMultiDisc">
            <summary>
            Gets a value indicating whether this album has more than one disc.
            </summary>
        </member>
        <member name="P:MediaPlayer.Core.Models.AlbumModel.Tracks">
            <summary>
            Gets the full list of tracks in this album.
            </summary>
        </member>
        <member name="T:MediaPlayer.Core.Models.ArtistModel">
            <summary>
            Model describing a music artist.
            </summary>
        </member>
        <member name="P:MediaPlayer.Core.Models.ArtistModel.ArtistID">
            <summary>
            Gets or sets the unique ID of this artist.
            </summary>
        </member>
        <member name="P:MediaPlayer.Core.Models.ArtistModel.ArtistName">
            <summary>
            Gets or sets the name of this artist.
            </summary>
        </member>
        <member name="P:MediaPlayer.Core.Models.ArtistModel.Biography">
            <summary>
            Gets or sets the biography of this artist.
            </summary>
        </member>
        <member name="P:MediaPlayer.Core.Models.ArtistModel.Albums">
            <summary>
            Gets an <see cref="T:System.Collections.ObjectModel.ObservableCollection`1"/> of the albums made by this artist.
            </summary>
        </member>
        <member name="P:MediaPlayer.Core.Models.ArtistModel.Contributions">
            <summary>
            Gets an <see cref="T:System.Collections.ObjectModel.ObservableCollection`1"/> of the the individual song contributions made by this artist.
            </summary>
        </member>
        <member name="T:MediaPlayer.Core.Models.ContributionModel">
            <summary>
            Model describing a song contribution.
            </summary>
        </member>
        <member name="P:MediaPlayer.Core.Models.ContributionModel.ContributionID">
            <summary>
            Gets or sets the unique ID of this song contribution.
            </summary>
        </member>
        <member name="P:MediaPlayer.Core.Models.ContributionModel.ArtistID">
            <summary>
            Gets or sets the unique ID of the artist making this song contribution.
            </summary>
        </member>
        <member name="P:MediaPlayer.Core.Models.ContributionModel.TrackID">
            <summary>
            Gets or sets the unique ID of the song being contributed to in this song contribution.
            </summary>
        </member>
        <member name="P:MediaPlayer.Core.Models.ContributionModel.Contributor">
            <summary>
            Gets or sets the artist making this song contribution.
            </summary>
        </member>
        <member name="P:MediaPlayer.Core.Models.ContributionModel.Track">
            <summary>
            Gets or sets the song being contributed to in this song contribution.
            </summary>
        </member>
        <member name="T:MediaPlayer.Core.Models.DiscModel">
            <summary>
            Model describing a single disc in a music album.
            </summary>
        </member>
        <member name="P:MediaPlayer.Core.Models.DiscModel.DiscID">
            <summary>
            Gets or sets the unqiue ID of this disc.
            </summary>
        </member>
        <member name="P:MediaPlayer.Core.Models.DiscModel.AlbumID">
            <summary>
            Gets or sets the unqiue ID of the album this disc belongs to.
            </summary>
        </member>
        <member name="P:MediaPlayer.Core.Models.DiscModel.DiscNum">
            <summary>
            Gets or sets the number of this disc in its album.
            </summary>
        </member>
        <member name="P:MediaPlayer.Core.Models.DiscModel.DiscName">
            <summary>
            Gets or sets the name of this disc.
            </summary>
        </member>
        <member name="P:MediaPlayer.Core.Models.DiscModel.Album">
            <summary>
            Gets or sets the album this disc belongs to.
            </summary>
        </member>
        <member name="P:MediaPlayer.Core.Models.DiscModel.Tracks">
            <summary>
            Gets an <see cref="T:System.Collections.ObjectModel.ObservableCollection`1"/> of the tracks belonging to the album.
            </summary>
        </member>
        <member name="P:MediaPlayer.Core.Models.DiscModel.AlbumArtist">
            <summary>
            Gets the artist who made the album this disc belongs to.
            </summary>
        </member>
        <member name="T:MediaPlayer.Core.Models.FilePropertiesModel">
            <summary>
            Class used for handling properties of music files not handled by the <see cref="T:Windows.Storage.FileProperties.MusicProperties"/> class.
            </summary>
        </member>
        <member name="P:MediaPlayer.Core.Models.FilePropertiesModel.DiscNum">
            <summary>
            Gets or sets what number disc in the album the song is on; saved in files as "System.Music.PartOfSet".
            </summary>
        </member>
        <member name="P:MediaPlayer.Core.Models.FilePropertiesModel.DiscName">
            <summary>
            Gets or sets the name of the disc; saved in file as "System.Music.GroupDescription".
            </summary>
        </member>
        <member name="P:MediaPlayer.Core.Models.FilePropertiesModel.Path">
            <summary>
            Gets or sets the full path to the file.
            </summary>
        </member>
        <member name="P:MediaPlayer.Core.Models.FilePropertiesModel.Artists">
            <summary>
            Gets or sets a <see cref="T:System.Collections.Generic.List`1"/> of contributing artists; saved in files as "System.Music.Artist".
            </summary>
        </member>
        <member name="P:MediaPlayer.Core.Models.FilePropertiesModel.MusicProps">
            <summary>
            Gets or sets the standard music file properties (album, title etc).
            </summary>
        </member>
        <member name="T:MediaPlayer.Core.Models.GenreModel">
            <summary>
            Model describnig a music genre.
            </summary>
        </member>
        <member name="P:MediaPlayer.Core.Models.GenreModel.GenreID">
            <summary>
            Gets or sets the unique ID of this genre.
            </summary>
        </member>
        <member name="P:MediaPlayer.Core.Models.GenreModel.GenreName">
            <summary>
            Gets or sets the name of this genre.
            </summary>
        </member>
        <member name="P:MediaPlayer.Core.Models.GenreModel.Description">
            <summary>
            Gets or sets the description of this genre.
            </summary>
        </member>
        <member name="P:MediaPlayer.Core.Models.GenreModel.TrackGenres">
            <summary>
            Gets an <see cref="T:System.Collections.ObjectModel.ObservableCollection`1"/> of the usages of this genre.
            </summary>
        </member>
        <member name="P:MediaPlayer.Core.Models.GenreModel.Tracks">
            <summary>
            Gets the full list of tracks in this genre.
            </summary>
        </member>
        <member name="T:MediaPlayer.Core.Models.ListingModel">
            <summary>
            Model describing a single song's entry in a <see cref="P:MediaPlayer.Core.Models.ListingModel.Playlist"/>.
            </summary>
        </member>
        <member name="P:MediaPlayer.Core.Models.ListingModel.ListingID">
            <summary>
            Gets or sets the unique ID of this listing.
            </summary>
        </member>
        <member name="P:MediaPlayer.Core.Models.ListingModel.PlaylistID">
            <summary>
            Gets or sets the unique ID of the playlist this listing belongs to.
            </summary>
        </member>
        <member name="P:MediaPlayer.Core.Models.ListingModel.TrackID">
            <summary>
            Gets or sets the unqiue ID of the song this listing is add to the playist.
            </summary>
        </member>
        <member name="P:MediaPlayer.Core.Models.ListingModel.TrackPos">
            <summary>
            Gets or sets the positon of this lisitng in the playlist.
            </summary>
        </member>
        <member name="P:MediaPlayer.Core.Models.ListingModel.Track">
            <summary>
            Gets or sets the song beign added to the playlist.
            </summary>
        </member>
        <member name="P:MediaPlayer.Core.Models.ListingModel.Playlist">
            <summary>
            Gets or sets the playlist this listing belongs to.
            </summary>
        </member>
        <member name="T:MediaPlayer.Core.Models.PlaylistModel">
            <summary>
            Model describing a custom music playlist.
            </summary>
        </member>
        <member name="P:MediaPlayer.Core.Models.PlaylistModel.PlaylistID">
            <summary>
            Gets or sets the unique ID of this playlist.
            </summary>
        </member>
        <member name="P:MediaPlayer.Core.Models.PlaylistModel.PlaylistName">
            <summary>
            Gets or sets the name of this playlist.
            </summary>
        </member>
        <member name="P:MediaPlayer.Core.Models.PlaylistModel.Description">
            <summary>
            Gets or sets the description of this playlist.
            </summary>
        </member>
        <member name="P:MediaPlayer.Core.Models.PlaylistModel.CreateListingCommand">
            <summary>
            Gets or sets the <see cref="T:MvvmCross.Commands.MvxCommand"/> to create a new listing for this playlist.
            </summary>
        </member>
        <member name="P:MediaPlayer.Core.Models.PlaylistModel.CreateListingAction">
            <summary>
            Gets or sets the action to create a new listing for this playlist.
            </summary>
        </member>
        <member name="P:MediaPlayer.Core.Models.PlaylistModel.Listings">
            <summary>
            Gets an <see cref="T:System.Collections.ObjectModel.ObservableCollection`1"/> of the listings of songs in this playlist.
            </summary>
        </member>
        <member name="P:MediaPlayer.Core.Models.PlaylistModel.OrderedListings">
            <summary>
            Gets an <see cref="T:System.Collections.ObjectModel.ObservableCollection`1"/> of the listings in this playlist.
            </summary>
        </member>
        <member name="P:MediaPlayer.Core.Models.PlaylistModel.Tracks">
            <summary>
            Gets an <see cref="T:System.Collections.ObjectModel.ObservableCollection`1"/> of the songs in this playlist.
            </summary>
        </member>
        <member name="T:MediaPlayer.Core.Models.SongStyleModel">
            <summary>
            Model describing a genre's contribution to a song.
            </summary>
        </member>
        <member name="P:MediaPlayer.Core.Models.SongStyleModel.SongStyleID">
            <summary>
            Gets or sets the unique ID of this SongStyle.
            </summary>
        </member>
        <member name="P:MediaPlayer.Core.Models.SongStyleModel.TrackID">
            <summary>
            Gets or sets the unique ID of the song this SongStyle is contributing to.
            </summary>
        </member>
        <member name="P:MediaPlayer.Core.Models.SongStyleModel.GenreID">
            <summary>
            Gets or sets the unique ID of the contributing genre to this SongStyle.
            </summary>
        </member>
        <member name="P:MediaPlayer.Core.Models.SongStyleModel.Track">
            <summary>
            Gets or sets the song this SongStyle is contributing to.
            </summary>
        </member>
        <member name="P:MediaPlayer.Core.Models.SongStyleModel.TrackGenre">
            <summary>
            Gets or sets the contributing genre to this SongStyle.
            </summary>
        </member>
        <member name="T:MediaPlayer.Core.Models.TrackModel">
            <summary>
            Model descring a sing music track / song.
            </summary>
        </member>
        <member name="P:MediaPlayer.Core.Models.TrackModel.TrackID">
            <summary>
            Gets or sets the unique ID of this song.
            </summary>
        </member>
        <member name="P:MediaPlayer.Core.Models.TrackModel.Path">
            <summary>
            Gets or sets the file path of this song.
            </summary>
        </member>
        <member name="P:MediaPlayer.Core.Models.TrackModel.DiscID">
            <summary>
            Gets or sets the unique ID of the disc this song belongs to.
            </summary>
        </member>
        <member name="P:MediaPlayer.Core.Models.TrackModel.TrackNum">
            <summary>
            Gets or sets the number of this song in its disc.
            </summary>
        </member>
        <member name="P:MediaPlayer.Core.Models.TrackModel.TrackName">
            <summary>
            Gets or sets the name of this song.
            </summary>
        </member>
        <member name="P:MediaPlayer.Core.Models.TrackModel.Description">
            <summary>
            Gets or sets the description of this song.
            </summary>
        </member>
        <member name="P:MediaPlayer.Core.Models.TrackModel.Lyrics">
            <summary>
            Gets or sets the lyrics of this song.
            </summary>
        </member>
        <member name="P:MediaPlayer.Core.Models.TrackModel.TrackDuration">
            <summary>
            Gets or sets the duration of this song.
            </summary>
        </member>
        <member name="P:MediaPlayer.Core.Models.TrackModel.Disc">
            <summary>
            Gets or sets the disc this song belongs to.
            </summary>
        </member>
        <member name="P:MediaPlayer.Core.Models.TrackModel.Contributions">
            <summary>
            Gets an <see cref="T:System.Collections.ObjectModel.ObservableCollection`1"/> of the artist contributions to this song.
            </summary>
        </member>
        <member name="P:MediaPlayer.Core.Models.TrackModel.SongStyles">
            <summary>
            Gets an <see cref="T:System.Collections.ObjectModel.ObservableCollection`1"/> of the genre contributions to this song.
            </summary>
        </member>
        <member name="P:MediaPlayer.Core.Models.TrackModel.Listings">
            <summary>
            Gets an <see cref="T:System.Collections.ObjectModel.ObservableCollection`1"/> of this song's listings in playlists.
            </summary>
        </member>
        <member name="P:MediaPlayer.Core.Models.TrackModel.IsLongerThanHour">
            <summary>
            Gets a value indicating whether the song is longer than an hour, for the purpose of formatting the <see cref="P:MediaPlayer.Core.Models.TrackModel.DisplayDuration"/>.
            </summary>
        </member>
        <member name="P:MediaPlayer.Core.Models.TrackModel.ControlDuration">
            <summary>
            Gets the <see cref="P:MediaPlayer.Core.Models.TrackModel.TrackDuration"/> in integer form representing how many seconds long this song is.
            </summary>
        </member>
        <member name="P:MediaPlayer.Core.Models.TrackModel.DisplayDurationFormat">
            <summary>
            Gets the format for this song's <see cref="P:MediaPlayer.Core.Models.TrackModel.DisplayDuration"/> - ie whether or not to include the hour component.
            </summary>
        </member>
        <member name="P:MediaPlayer.Core.Models.TrackModel.DisplayDuration">
            <summary>
            Gets this song's <see cref="P:MediaPlayer.Core.Models.TrackModel.TrackDuration"/> as a string, formatted according to its <see cref="P:MediaPlayer.Core.Models.TrackModel.DisplayDurationFormat"/>.
            </summary>
        </member>
        <member name="P:MediaPlayer.Core.Models.TrackModel.Album">
            <summary>
            Gets the album this song belongs sto.
            </summary>
        </member>
        <member name="P:MediaPlayer.Core.Models.TrackModel.AlbumName">
            <summary>
            Gets the name of the album this song belongs sto.
            </summary>
        </member>
        <member name="P:MediaPlayer.Core.Models.TrackModel.AlbumArtist">
            <summary>
            Gets the artist who made the album this song belongs sto.
            </summary>
        </member>
        <member name="P:MediaPlayer.Core.Models.TrackModel.LoadPath">
            <summary>
            Gets the file path of this song in Uri format for loadign into the media controller.
            </summary>
        </member>
        <member name="P:MediaPlayer.Core.Models.TrackModel.DiscNum">
            <summary>
            Gets the number of the <see cref="T:MediaPlayer.Core.Models.DiscModel"/> this track belongs to.
            </summary>
        </member>
        <member name="P:MediaPlayer.Core.Models.TrackModel.DiscName">
            <summary>
            Gets the name of the <see cref="T:MediaPlayer.Core.Models.DiscModel"/> this track belongs to.
            </summary>
        </member>
        <member name="P:MediaPlayer.Core.Models.TrackModel.Genres">
            <summary>
            Gets a collection of all the genres this track belongs to.
            </summary>
        </member>
        <member name="P:MediaPlayer.Core.Models.TrackModel.DisplayGenres">
            <summary>
            Gets a string of the names of all the genres this track belongs to.
            </summary>
        </member>
        <member name="P:MediaPlayer.Core.Models.TrackModel.ContributingArtists">
            <summary>
            Gets a collection of all the artists who contributed to this track.
            </summary>
        </member>
        <member name="P:MediaPlayer.Core.Models.TrackModel.DisplayContributingArtists">
            <summary>
            Gets a string of the names of all the artists who contributed to this track.
            </summary>
        </member>
        <member name="T:MediaPlayer.Core.ViewModels.MediaLibraryViewModel">
            <summary>
            The <see cref="T:MvvmCross.ViewModels.MvxViewModel"/> for the MediaPlayer's library view.
            </summary>
        </member>
        <member name="M:MediaPlayer.Core.ViewModels.MediaLibraryViewModel.#ctor(MediaPlayer.Core.Interfaces.ITimerFactory,MediaPlayer.Core.Interfaces.IMediaControllerFactory)">
            <summary>
            Initializes a new instance of the <see cref="T:MediaPlayer.Core.ViewModels.MediaLibraryViewModel"/> class.
            </summary>
            <param name="newTimerFactory"><inheritdoc cref="T:MediaPlayer.Core.Interfaces.ITimerFactory" path='/summary'/></param>
            <param name="newMediaControllerFactory"><inheritdoc cref="T:MediaPlayer.Core.Interfaces.IMediaControllerFactory" path='/summary'/></param>
        </member>
        <member name="P:MediaPlayer.Core.ViewModels.MediaLibraryViewModel.MediaDB">
            <summary>
            Gets the local instance of <see cref="T:MediaPlayer.Core.Data.MediaDBContext" />.
            </summary>
        </member>
        <member name="P:MediaPlayer.Core.ViewModels.MediaLibraryViewModel.CanCreatePlaylist">
            <summary>
            Gets a value indicating whether the current name for a new playlist is viable.
            </summary>
        </member>
        <member name="P:MediaPlayer.Core.ViewModels.MediaLibraryViewModel.IsTrackPlaying">
            <summary>
            Gets or sets a value indicating whether a track is currently playing.
            </summary>
        </member>
        <member name="P:MediaPlayer.Core.ViewModels.MediaLibraryViewModel.ShowingAlbums">
            <summary>
            Gets or sets a value indicating whether the UI should be showing the Albums DataGrid.
            </summary>
        </member>
        <member name="P:MediaPlayer.Core.ViewModels.MediaLibraryViewModel.ShowingArtists">
            <summary>
            Gets or sets a value indicating whether the UI should be showing the Artists DataGrid.
            </summary>
        </member>
        <member name="P:MediaPlayer.Core.ViewModels.MediaLibraryViewModel.ShowingGenres">
            <summary>
            Gets or sets a value indicating whether the UI should be showing the Genres DataGrid.
            </summary>
        </member>
        <member name="P:MediaPlayer.Core.ViewModels.MediaLibraryViewModel.ShowingPlaylists">
            <summary>
            Gets or sets a value indicating whether whether the UI should be showing the Playlists DataGrid.
            </summary>
        </member>
        <member name="P:MediaPlayer.Core.ViewModels.MediaLibraryViewModel.ShowingTracks">
            <summary>
            Gets or sets a value indicating whether the UI should be showing the Tracks DataGrid.
            </summary>
        </member>
        <member name="P:MediaPlayer.Core.ViewModels.MediaLibraryViewModel.ShowingArtistTracks">
            <summary>
            Gets or sets a value indicating whether the UI should be showing the <see cref="P:MediaPlayer.Core.ViewModels.MediaLibraryViewModel.SelectedArtist"/>'s tracks DataGrid.
            </summary>
        </member>
        <member name="P:MediaPlayer.Core.ViewModels.MediaLibraryViewModel.ShowingAlbumTracks">
            <summary>
            Gets or sets a value indicating whether the UI should be showing the <see cref="P:MediaPlayer.Core.ViewModels.MediaLibraryViewModel.SelectedAlbum"/>'s tracks DataGrid.
            </summary>
        </member>
        <member name="P:MediaPlayer.Core.ViewModels.MediaLibraryViewModel.ShowingGenreTracks">
            <summary>
            Gets or sets a value indicating whether the UI should be showing the <see cref="P:MediaPlayer.Core.ViewModels.MediaLibraryViewModel.SelectedGenre"/>'s tracks DataGrid.
            </summary>
        </member>
        <member name="P:MediaPlayer.Core.ViewModels.MediaLibraryViewModel.ShowingPlaylistTracks">
            <summary>
            Gets or sets a value indicating whether the UI should be showing the <see cref="P:MediaPlayer.Core.ViewModels.MediaLibraryViewModel.SelectedPlaylist"/>'s tracks DataGrid.
            </summary>
        </member>
        <member name="P:MediaPlayer.Core.ViewModels.MediaLibraryViewModel.CurrentlyPlayingQueueIndex">
            <summary>
            Gets or sets the index in <see cref="P:MediaPlayer.Core.ViewModels.MediaLibraryViewModel.TrackQueue"/> of the currently playing <see cref="T:MediaPlayer.Core.Models.TrackModel">track</see>.
            </summary>
        </member>
        <member name="P:MediaPlayer.Core.ViewModels.MediaLibraryViewModel.PlayerPosition">
            <summary>
            Gets or sets the position of the currently playing track in the <see cref="T:MediaPlayer.Core.Interfaces.IMediaController"/>.
            </summary>
        </member>
        <member name="P:MediaPlayer.Core.ViewModels.MediaLibraryViewModel.PlayerVolume">
            <summary>
            Gets or sets the volume of the currently playing track in the <see cref="T:MediaPlayer.Core.Interfaces.IMediaController"/>.
            </summary>
        </member>
        <member name="P:MediaPlayer.Core.ViewModels.MediaLibraryViewModel.SelectedTrackIndex">
            <summary>
            Gets or sets the index of the currently selected track.
            </summary>
        </member>
        <member name="P:MediaPlayer.Core.ViewModels.MediaLibraryViewModel.SelectedArtistTrackIndex">
            <summary>
            Gets or sets the index of the currently selected track from the currently selected artist.
            </summary>
        </member>
        <member name="P:MediaPlayer.Core.ViewModels.MediaLibraryViewModel.SelectedAlbumTrackIndex">
            <summary>
            Gets or sets the index of the currently selected track from the currently selected album.
            </summary>
        </member>
        <member name="P:MediaPlayer.Core.ViewModels.MediaLibraryViewModel.SelectedGenreTrackIndex">
            <summary>
            Gets or sets the index of the currently selected track from the currently selected genre.
            </summary>
        </member>
        <member name="P:MediaPlayer.Core.ViewModels.MediaLibraryViewModel.SelectedPlaylistTrackIndex">
            <summary>
            Gets or sets the index of the currently selected track from the currently selected playlist.
            </summary>
        </member>
        <member name="P:MediaPlayer.Core.ViewModels.MediaLibraryViewModel.SelectedQueueIndex">
            <summary>
            Gets or sets the track currently selected in <see cref="P:MediaPlayer.Core.ViewModels.MediaLibraryViewModel.TrackQueue"/>.
            </summary>
        </member>
        <member name="P:MediaPlayer.Core.ViewModels.MediaLibraryViewModel.ArtistSearch">
            <summary>
            Gets or sets the search value for artists.
            </summary>
        </member>
        <member name="P:MediaPlayer.Core.ViewModels.MediaLibraryViewModel.AlbumSearch">
            <summary>
            Gets or sets the search value for albums.
            </summary>
        </member>
        <member name="P:MediaPlayer.Core.ViewModels.MediaLibraryViewModel.GenreSearch">
            <summary>
            Gets or sets the search value for genres.
            </summary>
        </member>
        <member name="P:MediaPlayer.Core.ViewModels.MediaLibraryViewModel.PlaylistSearch">
            <summary>
            Gets or sets the search value for playlists.
            </summary>
        </member>
        <member name="P:MediaPlayer.Core.ViewModels.MediaLibraryViewModel.TrackSearch">
            <summary>
            Gets or sets the search value for tracks.
            </summary>
        </member>
        <member name="P:MediaPlayer.Core.ViewModels.MediaLibraryViewModel.NewPlaylistName">
            <summary>
            Gets or sets the vlaue for the name of the new playlists to be made.
            </summary>
        </member>
        <member name="P:MediaPlayer.Core.ViewModels.MediaLibraryViewModel.SelectedArtist">
            <summary>
            Gets or sets the artist currently selected in the Library.
            </summary>
        </member>
        <member name="P:MediaPlayer.Core.ViewModels.MediaLibraryViewModel.SelectedAlbum">
            <summary>
            Gets or sets the album currently selected in the Library.
            </summary>
        </member>
        <member name="P:MediaPlayer.Core.ViewModels.MediaLibraryViewModel.SelectedGenre">
            <summary>
            Gets or sets the genre currently selected in the Library.
            </summary>
        </member>
        <member name="P:MediaPlayer.Core.ViewModels.MediaLibraryViewModel.SelectedPlaylist">
            <summary>
            Gets or sets the playlist currently selected in the Library.
            </summary>
        </member>
        <member name="P:MediaPlayer.Core.ViewModels.MediaLibraryViewModel.SelectedTrack">
            <summary>
            Gets or sets the track currently selected in the Library.
            </summary>
        </member>
        <member name="P:MediaPlayer.Core.ViewModels.MediaLibraryViewModel.LoadedTrack">
            <summary>
            Gets the track currently loaded into the <see cref="T:MediaPlayer.Core.Interfaces.IMediaController"/>.
            </summary>
        </member>
        <member name="P:MediaPlayer.Core.ViewModels.MediaLibraryViewModel.LoadedPath">
            <summary>
            Gets the <see cref="P:MediaPlayer.Core.Models.TrackModel.LoadPath">path</see> of the <see cref="T:MediaPlayer.Core.Models.TrackModel">track</see> currently loaded into the <see cref="T:MediaPlayer.Core.Interfaces.IMediaController"/>.
            </summary>
        </member>
        <member name="P:MediaPlayer.Core.ViewModels.MediaLibraryViewModel.TrackQueue">
            <summary>
            Gets or sets the queue of tracks to be played by the <see cref="T:MediaPlayer.Core.Interfaces.IMediaController"/>.
            </summary>
        </member>
        <member name="P:MediaPlayer.Core.ViewModels.MediaLibraryViewModel.IsTrackLoaded">
            <summary>
            Gets a value indicating whether the <see cref="T:MediaPlayer.Core.Interfaces.IMediaController"/> currnetly has a <see cref="T:MediaPlayer.Core.Models.TrackModel">track</see> loaded into it.
            </summary>
        </member>
        <member name="P:MediaPlayer.Core.ViewModels.MediaLibraryViewModel.DisplayPosition">
            <summary>
            Gets the <see cref="P:MediaPlayer.Core.ViewModels.MediaLibraryViewModel.PlayerPosition"/> as a string formatted according to the <see cref="P:MediaPlayer.Core.ViewModels.MediaLibraryViewModel.LoadedTrack"/>'s <see cref="P:MediaPlayer.Core.Models.TrackModel.DisplayDurationFormat"/>.
            </summary>
        </member>
        <member name="P:MediaPlayer.Core.ViewModels.MediaLibraryViewModel.DisplayProgression">
            <summary>
            Gets the <see cref="P:MediaPlayer.Core.ViewModels.MediaLibraryViewModel.DisplayPosition"/> and <see cref="P:MediaPlayer.Core.Models.TrackModel.TrackDuration"/> formatted to display on the UI.
            </summary>
        </member>
        <member name="P:MediaPlayer.Core.ViewModels.MediaLibraryViewModel.DisplayArtists">
            <summary>
            Gets the current filtered lists of artists to display.
            </summary>
        </member>
        <member name="P:MediaPlayer.Core.ViewModels.MediaLibraryViewModel.DisplayAlbums">
            <summary>
            Gets the current filtered lists of albums to display.
            </summary>
        </member>
        <member name="P:MediaPlayer.Core.ViewModels.MediaLibraryViewModel.DisplayGenres">
            <summary>
            Gets the current filtered lists of genres to display.
            </summary>
        </member>
        <member name="P:MediaPlayer.Core.ViewModels.MediaLibraryViewModel.DisplayPlaylists">
            <summary>
            Gets the current filtered lists of playlists to display.
            </summary>
        </member>
        <member name="P:MediaPlayer.Core.ViewModels.MediaLibraryViewModel.DisplayTracks">
            <summary>
            Gets the current filtered lists of tracks to display.
            </summary>
        </member>
        <member name="P:MediaPlayer.Core.ViewModels.MediaLibraryViewModel.DisplayArtistTracks">
            <summary>
            Gets the current filtered lists of tracks from the selected artist to display.
            </summary>
        </member>
        <member name="P:MediaPlayer.Core.ViewModels.MediaLibraryViewModel.DisplayAlbumTracks">
            <summary>
            Gets the current filtered lists of tracks from the selected album to display.
            </summary>
        </member>
        <member name="P:MediaPlayer.Core.ViewModels.MediaLibraryViewModel.DisplayGenreTracks">
            <summary>
            Gets the current filtered lists of tracks from the selected genre to display.
            </summary>
        </member>
        <member name="P:MediaPlayer.Core.ViewModels.MediaLibraryViewModel.DisplayPlaylistTracks">
            <summary>
            Gets the current filtered lists of tracks from the selected playlist to display.
            </summary>
        </member>
        <member name="P:MediaPlayer.Core.ViewModels.MediaLibraryViewModel.AddArtistCommand">
            <summary>
            Gets or sets the <see cref="T:MvvmCross.Commands.MvxCommand"/> to add an <see cref="T:MediaPlayer.Core.Models.ArtistModel"/>'s tracks to the <see cref="P:MediaPlayer.Core.ViewModels.MediaLibraryViewModel.TrackQueue"/>.
            </summary>
        </member>
        <member name="P:MediaPlayer.Core.ViewModels.MediaLibraryViewModel.AddAlbumCommand">
            <summary>
            Gets or sets the <see cref="T:MvvmCross.Commands.MvxCommand"/> to add an <see cref="T:MediaPlayer.Core.Models.AlbumModel"/>'s tracks to the <see cref="P:MediaPlayer.Core.ViewModels.MediaLibraryViewModel.TrackQueue"/>.
            </summary>
        </member>
        <member name="P:MediaPlayer.Core.ViewModels.MediaLibraryViewModel.AddGenreCommand">
            <summary>
            Gets or sets the <see cref="T:MvvmCross.Commands.MvxCommand"/> to add a <see cref="T:MediaPlayer.Core.Models.GenreModel"/>'s tracks to the <see cref="P:MediaPlayer.Core.ViewModels.MediaLibraryViewModel.TrackQueue"/>.
            </summary>
        </member>
        <member name="P:MediaPlayer.Core.ViewModels.MediaLibraryViewModel.AddPlaylistCommand">
            <summary>
            Gets or sets the <see cref="T:MvvmCross.Commands.MvxCommand"/> to add a <see cref="T:MediaPlayer.Core.Models.PlaylistModel"/>'s tracks to the <see cref="P:MediaPlayer.Core.ViewModels.MediaLibraryViewModel.TrackQueue"/>.
            </summary>
        </member>
        <member name="P:MediaPlayer.Core.ViewModels.MediaLibraryViewModel.AddTrackCommand">
            <summary>
            Gets or sets the <see cref="T:MvvmCross.Commands.MvxCommand"/> to add a <see cref="T:MediaPlayer.Core.Models.TrackModel"/> to the <see cref="P:MediaPlayer.Core.ViewModels.MediaLibraryViewModel.TrackQueue"/>.
            </summary>
        </member>
        <member name="P:MediaPlayer.Core.ViewModels.MediaLibraryViewModel.ClearQueueCommand">
            <summary>
            Gets or sets the <see cref="T:MvvmCross.Commands.MvxCommand"/> to empty the <see cref="P:MediaPlayer.Core.ViewModels.MediaLibraryViewModel.TrackQueue"/>.
            </summary>
        </member>
        <member name="P:MediaPlayer.Core.ViewModels.MediaLibraryViewModel.CreatePlaylistCommand">
            <summary>
            Gets or sets the <see cref="T:MvvmCross.Commands.MvxCommand"/> to create a new <see cref="T:MediaPlayer.Core.Models.PlaylistModel"/>.
            </summary>
        </member>
        <member name="P:MediaPlayer.Core.ViewModels.MediaLibraryViewModel.DeletePlaylistCommand">
            <summary>
            Gets or sets the <see cref="T:MvvmCross.Commands.MvxCommand"/> to delete the w <see cref="T:MediaPlayer.Core.Models.PlaylistModel"/>.
            </summary>
        </member>
        <member name="P:MediaPlayer.Core.ViewModels.MediaLibraryViewModel.JumpQueueCommand">
            <summary>
            Gets or sets the <see cref="T:MvvmCross.Commands.MvxCommand"/> to jump to playing the currently selected track in the <see cref="P:MediaPlayer.Core.ViewModels.MediaLibraryViewModel.TrackQueue"/>.
            </summary>
        </member>
        <member name="P:MediaPlayer.Core.ViewModels.MediaLibraryViewModel.MediaEndedCommand">
            <summary>
            Gets or sets the <see cref="T:MvvmCross.Commands.MvxCommand"/> to run when the <see cref="P:MediaPlayer.Core.ViewModels.MediaLibraryViewModel.LoadedTrack"/> ends.
            </summary>
        </member>
        <member name="P:MediaPlayer.Core.ViewModels.MediaLibraryViewModel.MoveDownCommand">
            <summary>
            Gets or sets the <see cref="T:MvvmCross.Commands.MvxCommand"/> to swap the currently selected song in the currnetly selected playlist with the one below it.
            </summary>
        </member>
        <member name="P:MediaPlayer.Core.ViewModels.MediaLibraryViewModel.MoveUpCommand">
            <summary>
            Gets or sets the <see cref="T:MvvmCross.Commands.MvxCommand"/> to swap the currently selected song in the currnetly selected playlist with the one above it.
            </summary>
        </member>
        <member name="P:MediaPlayer.Core.ViewModels.MediaLibraryViewModel.PlayPauseCommand">
            <summary>
            Gets or sets the <see cref="T:MvvmCross.Commands.MvxCommand"/> for the play/pause ToggleButton.
            </summary>
        </member>
        <member name="P:MediaPlayer.Core.ViewModels.MediaLibraryViewModel.PlayArtistCommand">
            <summary>
            Gets or sets the <see cref="T:MvvmCross.Commands.MvxCommand"/> to play an <see cref="T:MediaPlayer.Core.Models.ArtistModel"/>'s tracks.
            </summary>
        </member>
        <member name="P:MediaPlayer.Core.ViewModels.MediaLibraryViewModel.PlayAlbumCommand">
            <summary>
            Gets or sets the <see cref="T:MvvmCross.Commands.MvxCommand"/> to play an <see cref="T:MediaPlayer.Core.Models.AlbumModel"/>'s tracks.
            </summary>
        </member>
        <member name="P:MediaPlayer.Core.ViewModels.MediaLibraryViewModel.PlayGenreCommand">
            <summary>
            Gets or sets the <see cref="T:MvvmCross.Commands.MvxCommand"/> to play a <see cref="T:MediaPlayer.Core.Models.GenreModel"/>'s tracks.
            </summary>
        </member>
        <member name="P:MediaPlayer.Core.ViewModels.MediaLibraryViewModel.PlayPlaylistCommand">
            <summary>
            Gets or sets the <see cref="T:MvvmCross.Commands.MvxCommand"/> to play a <see cref="T:MediaPlayer.Core.Models.PlaylistModel"/>'s tracks.
            </summary>
        </member>
        <member name="P:MediaPlayer.Core.ViewModels.MediaLibraryViewModel.PlayTrackCommand">
            <summary>
            Gets or sets the <see cref="T:MvvmCross.Commands.MvxCommand"/> to play a <see cref="T:MediaPlayer.Core.Models.TrackModel"/>.
            </summary>
        </member>
        <member name="P:MediaPlayer.Core.ViewModels.MediaLibraryViewModel.PlayTracksFromCommand">
            <summary>
            Gets or sets the <see cref="T:MvvmCross.Commands.MvxCommand"/> to play all tracks from the currently selected one.
            </summary>
        </member>
        <member name="P:MediaPlayer.Core.ViewModels.MediaLibraryViewModel.PlayArtistFromCommand">
            <summary>
            Gets or sets the <see cref="T:MvvmCross.Commands.MvxCommand"/> to play a <see cref="T:MediaPlayer.Core.Models.ArtistModel"/>'s tracks from the currently selected one.
            </summary>
        </member>
        <member name="P:MediaPlayer.Core.ViewModels.MediaLibraryViewModel.PlayAlbumFromCommand">
            <summary>
            Gets or sets the <see cref="T:MvvmCross.Commands.MvxCommand"/> to play a <see cref="T:MediaPlayer.Core.Models.AlbumModel"/>'s tracks from the currently selected one.
            </summary>
        </member>
        <member name="P:MediaPlayer.Core.ViewModels.MediaLibraryViewModel.PlayGenreFromCommand">
            <summary>
            Gets or sets the <see cref="T:MvvmCross.Commands.MvxCommand"/> to play a <see cref="T:MediaPlayer.Core.Models.GenreModel"/>'s tracks from the currently selected one.
            </summary>
        </member>
        <member name="P:MediaPlayer.Core.ViewModels.MediaLibraryViewModel.PlayPlaylistFromCommand">
            <summary>
            Gets or sets the <see cref="T:MvvmCross.Commands.MvxCommand"/> to play a <see cref="T:MediaPlayer.Core.Models.PlaylistModel"/>'s tracks from the currently selected one.
            </summary>
        </member>
        <member name="P:MediaPlayer.Core.ViewModels.MediaLibraryViewModel.RemoveListingCommand">
            <summary>
            Gets or sets the <see cref="T:MvvmCross.Commands.MvxCommand"/> to remove a song and its listing from a playlist.
            </summary>
        </member>
        <member name="P:MediaPlayer.Core.ViewModels.MediaLibraryViewModel.RemoveTrackCommand">
            <summary>
            Gets or sets the <see cref="T:MvvmCross.Commands.MvxCommand"/> to play an <see cref="T:MediaPlayer.Core.Models.ArtistModel"/>'s tracks.
            </summary>
            <summary>
            Gets or sets the <see cref="T:MvvmCross.Commands.MvxCommand"/> to remove a <see cref="T:MediaPlayer.Core.Models.TrackModel"/> from the <see cref="P:MediaPlayer.Core.ViewModels.MediaLibraryViewModel.TrackQueue"/>.
            </summary>
        </member>
        <member name="P:MediaPlayer.Core.ViewModels.MediaLibraryViewModel.ShowArtistsCommand">
            <summary>
            Gets or sets the <see cref="T:MvvmCross.Commands.MvxCommand"/> to show the artists DataGrid.
            </summary>
        </member>
        <member name="P:MediaPlayer.Core.ViewModels.MediaLibraryViewModel.ShowAlbumsCommand">
            <summary>
            Gets or sets the <see cref="T:MvvmCross.Commands.MvxCommand"/> to show the albums DataGrid.
            </summary>
        </member>
        <member name="P:MediaPlayer.Core.ViewModels.MediaLibraryViewModel.ShowGenresCommand">
            <summary>
            Gets or sets the <see cref="T:MvvmCross.Commands.MvxCommand"/> to show the genres DataGrid.
            </summary>
        </member>
        <member name="P:MediaPlayer.Core.ViewModels.MediaLibraryViewModel.ShowPlaylistsCommand">
            <summary>
            Gets or sets the <see cref="T:MvvmCross.Commands.MvxCommand"/> to show the playlists DataGrid.
            </summary>
        </member>
        <member name="P:MediaPlayer.Core.ViewModels.MediaLibraryViewModel.ShowTracksCommand">
            <summary>
            Gets or sets the <see cref="T:MvvmCross.Commands.MvxCommand"/> to show the tracks DataGrid.
            </summary>
        </member>
        <member name="P:MediaPlayer.Core.ViewModels.MediaLibraryViewModel.ShowArtistTracksCommand">
            <summary>
            Gets or sets the <see cref="T:MvvmCross.Commands.MvxCommand"/> to show the artist tracks DataGrid.
            </summary>
        </member>
        <member name="P:MediaPlayer.Core.ViewModels.MediaLibraryViewModel.ShowAlbumTracksCommand">
            <summary>
            Gets or sets the <see cref="T:MvvmCross.Commands.MvxCommand"/> to show the album tracks DataGrid.
            </summary>
        </member>
        <member name="P:MediaPlayer.Core.ViewModels.MediaLibraryViewModel.ShowGenreTracksCommand">
            <summary>
            Gets or sets the <see cref="T:MvvmCross.Commands.MvxCommand"/> to show the genre tracks DataGrid.
            </summary>
        </member>
        <member name="P:MediaPlayer.Core.ViewModels.MediaLibraryViewModel.ShowPlaylistTracksCommand">
            <summary>
            Gets or sets the <see cref="T:MvvmCross.Commands.MvxCommand"/> to show the playlist tracks DataGrid.
            </summary>
        </member>
        <member name="P:MediaPlayer.Core.ViewModels.MediaLibraryViewModel.SkipBackCommand">
            <summary>
            Gets or sets the <see cref="T:MvvmCross.Commands.MvxCommand"/> to play the previous track in the <see cref="P:MediaPlayer.Core.ViewModels.MediaLibraryViewModel.TrackQueue"/>.
            </summary>
        </member>
        <member name="P:MediaPlayer.Core.ViewModels.MediaLibraryViewModel.SkipForwardCommand">
            <summary>
            Gets or sets the <see cref="T:MvvmCross.Commands.MvxCommand"/> to play the next track in the <see cref="P:MediaPlayer.Core.ViewModels.MediaLibraryViewModel.TrackQueue"/>.
            </summary>
        </member>
        <member name="P:MediaPlayer.Core.ViewModels.MediaLibraryViewModel.SlideStartedCommand">
            <summary>
            Gets or sets the <see cref="T:MvvmCross.Commands.MvxCommand"/> to run when the user starts using the track position sldier on the UI.
            </summary>
        </member>
        <member name="P:MediaPlayer.Core.ViewModels.MediaLibraryViewModel.SlideCompletedCommand">
            <summary>
            Gets or sets the <see cref="T:MvvmCross.Commands.MvxCommand"/> to run when the user finsishes using the track position sldier on the UI.
            </summary>
        </member>
        <member name="P:MediaPlayer.Core.ViewModels.MediaLibraryViewModel.StopCommand">
            <summary>
            Gets or sets the <see cref="T:MvvmCross.Commands.MvxCommand"/> to stop the <see cref="P:MediaPlayer.Core.ViewModels.MediaLibraryViewModel.LoadedTrack"/>.
            </summary>
        </member>
    </members>
</doc>
